Workbook

Sheet London
A1: DATE | B1: NO (ppm)
A2: 41640 | B2: 0.007048
A3: 41671 | B3: 0.001024
A4: 41699 | B4: 0.004071
A5: 41730 | B5: 0.004418
A6: 41760 | B6: 0.00138
A7: 41791 | B7: 0.001007
A8: 41821 | B8: 0.0006683
A9: 41852 | B9: 0.001111
A10: 41883 | B10: 0.002387
A11: 41913 | B11: 0.002422
A12: 41944 | B12: 0.009539
A13: 41974 | B13: 0.001693
... A121: 45261 | B121: 0.0008072

Sheet Midland
A1: DATE | B1: NO (ppm)
A2: 41640 | B2: 0.003498
A3: 41671 | B3: 0.0005815
A4: 41699 | B4: 0.005269
A5: 41730 | B5: 0.002005
A6: 41760 | B6: 0.0007985
A7: 41791 | B7: 0.002048
A8: 41821 | B8: 0.001658
A9: 41852 | B9: 0.0006944
A10: 41883 | B10: 0.003663
A11: 41913 | B11: 0.001719
A12: 41944 | B12: 0.00618
A13: 41974 | B13: 0.001415
... A121: 45261 | B121: 0.001016

Sheet East of England
A1: DATE | B1: NO (ppm)
A2: 41640 | B2: 0.003871
A3: 41671 | B3: 0.0006336
A4: 41699 | B4: 0.003854
A5: 41730 | B5: 0.001658
A6: 41760 | B6: 0.0007551
A7: 41791 | B7: 0.001224
A8: 41821 | B8: 0.001206
A9: 41852 | B9: 0.0005034
A10: 41883 | B10: 0.001571
A11: 41913 | B11: 0.001354
A12: 41944 | B12: 0.005251
A13: 41974 | B13: 0.0009895
... A121: 45261 | B121: 0.0009982

Sheet North of England
A1: DATE | B1: NO (ppm)
A2: 41640 | B2: 0.00368
A3: 41671 | B3: 0.0006944
A4: 41699 | B4: 0.005017
A5: 41730 | B5: 0.003628
A6: 41760 | B6: 0.002517
A7: 41791 | B7: 0.003507
A8: 41821 | B8: 0.00381
A9: 41852 | B9: 0.001962
A10: 41883 | B10: 0.006857
A11: 41913 | B11: 0.003576
A12: 41944 | B12: 0.006987
A13: 41974 | B13: 0.002291
... A121: 45261 | B121: 0.001458

Sheet South of England
A1: DATE | B1: NO (ppm)
A2: 41640 | B2: 0.002291
A3: 41671 | B3: 0.0002777
A4: 41699 | B4: 0.002213
A5: 41730 | B5: 0.001771
A6: 41760 | B6: 0.0008506
A7: 41791 | B7: 0.0007378
A8: 41821 | B8: 0.0005208
A9: 41852 | B9: 0.0005208
A10: 41883 | B10: 0.001588
A11: 41913 | B11: 0.001206
A12: 41944 | B12: 0.006102
A13: 41974 | B13: 0.0008246
... A121: 45261 | B121: 0.0004947

Sheet Sheet1
A1: DATE | B1: average | D1: DATE | E1: average
A2: 41640 | B2: =(AVERAGE(London!B2,Midland!B2,'East of England'!B2,'North of England'!B2,'South of England'!B2)) -> 0.0040776 | D2: 41640 | E2: 0.0040776
A3: 41671 | B3: =(AVERAGE(London!B3,Midland!B3,'East of England'!B3,'North of England'!B3,'South of England'!B3)) -> 0.00064224 | D3: 41671 | E3: 0.00064224
A4: 41699 | B4: =(AVERAGE(London!B4,Midland!B4,'East of England'!B4,'North of England'!B4,'South of England'!B4)) -> 0.0040848 | D4: 41699 | E4: 0.0040848
A5: 41730 | B5: =(AVERAGE(London!B5,Midland!B5,'East of England'!B5,'North of England'!B5,'South of England'!B5)) -> 0.002696 | D5: 41730 | E5: 0.002696
A6: 41760 | B6: =(AVERAGE(London!B6,Midland!B6,'East of England'!B6,'North of England'!B6,'South of England'!B6)) -> 0.00126024 | D6: 41760 | E6: 0.00126024
A7: 41791 | B7: =(AVERAGE(London!B7,Midland!B7,'East of England'!B7,'North of England'!B7,'South of England'!B7)) -> 0.00170476 | D7: 41791 | E7: 0.00170476
A8: 41821 | B8: =(AVERAGE(London!B8,Midland!B8,'East of England'!B8,'North of England'!B8,'South of England'!B8)) -> 0.00157262 | D8: 41821 | E8: 0.00157262
A9: 41852 | B9: =(AVERAGE(London!B9,Midland!B9,'East of England'!B9,'North of England'!B9,'South of England'!B9)) -> 0.00095832 | D9: 41852 | E9: 0.00095832
A10: 41883 | B10: =(AVERAGE(London!B10,Midland!B10,'East of England'!B10,'North of England'!B10,'South of England'!B10)) -> 0.0032132 | D10: 41883 | E10: 0.0032132
A11: 41913 | B11: =(AVERAGE(London!B11,Midland!B11,'East of England'!B11,'North of England'!B11,'South of England'!B11)) -> 0.0020554 | D11: 41913 | E11: 0.0020554
A12: 41944 | B12: =(AVERAGE(London!B12,Midland!B12,'East of England'!B12,'North of England'!B12,'South of England'!B12)) -> 0.0068118 | D12: 41944 | E12: 0.0068118
A13: 41974 | B13: =(AVERAGE(London!B13,Midland!B13,'East of England'!B13,'North of England'!B13,'South of England'!B13)) -> 0.00144262 | D13: 41974 | E13: 0.00144262
... A121: 45261 | B121: =(AVERAGE(London!B121,Midland!B121,'East of England'!B121,'North of England'!B121,'South of England'!B121)) -> 0.00095482 | D121: 45261 | E121: 0.00095482
