Workbook

Sheet London
A1: DATE | B1: PM2p5 (µg/m3)
A2: 41640 | B2: 18.09
A3: 41671 | B3: 14.78
A4: 41699 | B4: 23.27
A5: 41730 | B5: 23.08
A6: 41760 | B6: 16.6
A7: 41791 | B7: 15.48
A8: 41821 | B8: 14.92
A9: 41852 | B9: 13.01
A10: 41883 | B10: 20.15
A11: 41913 | B11: 12.5
A12: 41944 | B12: 14.74
A13: 41974 | B13: 13.71
... A121: 45261 | B121: 7.79

Sheet Midland
A1: DATE | B1: PM2p5 (µg/m3)
A2: 41640 | B2: 13.99
A3: 41671 | B3: 13.43
A4: 41699 | B4: 19.59
A5: 41730 | B5: 19.73
A6: 41760 | B6: 14.69
A7: 41791 | B7: 13.06
A8: 41821 | B8: 13.48
A9: 41852 | B9: 11.1
A10: 41883 | B10: 17.49
A11: 41913 | B11: 9.935
A12: 41944 | B12: 11.85
A13: 41974 | B13: 12.87
... A121: 45261 | B121: 7.51

Sheet East of England
A1: DATE | B1: PM2p5 (µg/m3)
A2: 41640 | B2: 14.22
A3: 41671 | B3: 13.29
A4: 41699 | B4: 19.26
A5: 41730 | B5: 19.45
A6: 41760 | B6: 14.32
A7: 41791 | B7: 12.78
A8: 41821 | B8: 13.66
A9: 41852 | B9: 11.38
A10: 41883 | B10: 16.18
A11: 41913 | B11: 9.702
A12: 41944 | B12: 11.71
A13: 41974 | B13: 12.22
... A121: 45261 | B121: 7.604

Sheet North of England
A1: DATE | B1: PM2p5 (µg/m3)
A2: 41640 | B2: 13.66
A3: 41671 | B3: 11.85
A4: 41699 | B4: 18.42
A5: 41730 | B5: 18.65
A6: 41760 | B6: 13.71
A7: 41791 | B7: 12.13
A8: 41821 | B8: 12.69
A9: 41852 | B9: 11.01
A10: 41883 | B10: 15.62
A11: 41913 | B11: 10.12
A12: 41944 | B12: 11.71
A13: 41974 | B13: 12.64
... A121: 45261 | B121: 6.997

Sheet South of England
A1: DATE | B1: PM2p5 (µg/m3)
A2: 41640 | B2: 12.27
A3: 41671 | B3: 12.64
A4: 41699 | B4: 18.14
A5: 41730 | B5: 16.97
A6: 41760 | B6: 13.38
A7: 41791 | B7: 11.05
A8: 41821 | B8: 10.87
A9: 41852 | B9: 9.888
A10: 41883 | B10: 16.74
A11: 41913 | B11: 8.676
A12: 41944 | B12: 9.702
A13: 41974 | B13: 10.59
... A121: 45261 | B121: 7.557

Sheet Sheet1
A1: DATE | B1: Average | E1: DATE | F1: Average
A2: 41640 | B2: =AVERAGE(London!B2,Midland!B2,'East of England'!B2,'South of England'!B2,'South of England'!B2) -> 14.168 | E2: 41640 | F2: 14.168
A3: 41671 | B3: =AVERAGE(London!B3,Midland!B3,'East of England'!B3,'South of England'!B3,'South of England'!B3) -> 13.356 | E3: 41671 | F3: 13.356
A4: 41699 | B4: =AVERAGE(London!B4,Midland!B4,'East of England'!B4,'South of England'!B4,'South of England'!B4) -> 19.68 | E4: 41699 | F4: 19.68
A5: 41730 | B5: =AVERAGE(London!B5,Midland!B5,'East of England'!B5,'South of England'!B5,'South of England'!B5) -> 19.24 | E5: 41730 | F5: 19.24
A6: 41760 | B6: =AVERAGE(London!B6,Midland!B6,'East of England'!B6,'South of England'!B6,'South of England'!B6) -> 14.474 | E6: 41760 | F6: 14.474
A7: 41791 | B7: =AVERAGE(London!B7,Midland!B7,'East of England'!B7,'South of England'!B7,'South of England'!B7) -> 12.684 | E7: 41791 | F7: 12.684
A8: 41821 | B8: =AVERAGE(London!B8,Midland!B8,'East of England'!B8,'South of England'!B8,'South of England'!B8) -> 12.76 | E8: 41821 | F8: 12.76
A9: 41852 | B9: =AVERAGE(London!B9,Midland!B9,'East of England'!B9,'South of England'!B9,'South of England'!B9) -> 11.0532 | E9: 41852 | F9: 11.0532
A10: 41883 | B10: =AVERAGE(London!B10,Midland!B10,'East of England'!B10,'South of England'!B10,'South of England'!B10) -> 17.46 | E10: 41883 | F10: 17.46
A11: 41913 | B11: =AVERAGE(London!B11,Midland!B11,'East of England'!B11,'South of England'!B11,'South of England'!B11) -> 9.8978 | E11: 41913 | F11: 9.8978
A12: 41944 | B12: =AVERAGE(London!B12,Midland!B12,'East of England'!B12,'South of England'!B12,'South of England'!B12) -> 11.5408 | E12: 41944 | F12: 11.5408
A13: 41974 | B13: =AVERAGE(London!B13,Midland!B13,'East of England'!B13,'South of England'!B13,'South of England'!B13) -> 11.996 | E13: 41974 | F13: 11.996
... A121: 45261 | B121: =AVERAGE(London!B121,Midland!B121,'East of England'!B121,'South of England'!B121,'South of England'!B121) -> 7.6036 | E121: 45261 | F121: 7.6036
