Workbook

Sheet London
A1: DATE | B1: SO2 (ppm)
A2: 41640 | B2: 0.003737
A3: 41671 | B3: 0.003148
A4: 41699 | B4: 0.003001
A5: 41730 | B5: 0.002872
A6: 41760 | B6: 0.002725
A7: 41791 | B7: 0.002669
A8: 41821 | B8: 0.002761
A9: 41852 | B9: 0.002835
A10: 41883 | B10: 0.00278
A11: 41913 | B11: 0.003571
A12: 41944 | B12: 0.004418
A13: 41974 | B13: 0.003056
... A121: 45261 | B121: 0.001546

Sheet Midland
A1: DATE | B1: SO2 (ppm)
A2: 41640 | B2: 0.003884
A3: 41671 | B3: 0.003314
A4: 41699 | B4: 0.00359
A5: 41730 | B5: 0.003258
A6: 41760 | B6: 0.003424
A7: 41791 | B7: 0.003516
A8: 41821 | B8: 0.003498
A9: 41852 | B9: 0.003001
A10: 41883 | B10: 0.003792
A11: 41913 | B11: 0.003847
A12: 41944 | B12: 0.004989
A13: 41974 | B13: 0.003608
... A121: 45261 | B121: 0.002228

Sheet East of England
A1: DATE | B1: SO2 (ppm)
A2: 41640 | B2: 0.004381
A3: 41671 | B3: 0.003774
A4: 41699 | B4: 0.003755
A5: 41730 | B5: 0.003369
A6: 41760 | B6: 0.003516
A7: 41791 | B7: 0.003571
A8: 41821 | B8: 0.003682
A9: 41852 | B9: 0.003258
A10: 41883 | B10: 0.003571
A11: 41913 | B11: 0.004197
A12: 41944 | B12: 0.005412
A13: 41974 | B13: 0.003774
... A121: 45261 | B121: 0.002577

Sheet North of England
A1: DATE | B1: SO2 (ppm)
A2: 41640 | B2: 0.002669
A3: 41671 | B3: 0.002099
A4: 41699 | B4: 0.002117
A5: 41730 | B5: 0.002559
A6: 41760 | B6: 0.002577
A7: 41791 | B7: 0.002467
A8: 41821 | B8: 0.002338
A9: 41852 | B9: 0.001933
A10: 41883 | B10: 0.003111
A11: 41913 | B11: 0.002504
A12: 41944 | B12: 0.003719
A13: 41974 | B13: 0.001694
... A121: 45261 | B121: 0.00105

Sheet South of England
A1: DATE | B1: SO2 (ppm)
A2: 41640 | B2: 0.002559
A3: 41671 | B3: 0.001712
A4: 41699 | B4: 0.002191
A5: 41730 | B5: 0.002043
A6: 41760 | B6: 0.002062
A7: 41791 | B7: 0.002228
A8: 41821 | B8: 0.00197
A9: 41852 | B9: 0.001933
A10: 41883 | B10: 0.002136
A11: 41913 | B11: 0.002393
A12: 41944 | B12: 0.004031
A13: 41974 | B13: 0.002301
... A121: 45261 | B121: 0.001491

Sheet Sheet1
A1: DATE
A2: 41640 | B2: =AVERAGE(London!B2,Midland!B2,'East of England'!B2,'North of England'!B2,'South of England'!B2) -> 0.003446 | D2: 0.003446
A3: 41671 | B3: =AVERAGE(London!B3,Midland!B3,'East of England'!B3,'North of England'!B3,'South of England'!B3) -> 0.0028094 | D3: 0.0028094
A4: 41699 | B4: =AVERAGE(London!B4,Midland!B4,'East of England'!B4,'North of England'!B4,'South of England'!B4) -> 0.0029308 | D4: 0.0029308
A5: 41730 | B5: =AVERAGE(London!B5,Midland!B5,'East of England'!B5,'North of England'!B5,'South of England'!B5) -> 0.0028202 | D5: 0.0028202
A6: 41760 | B6: =AVERAGE(London!B6,Midland!B6,'East of England'!B6,'North of England'!B6,'South of England'!B6) -> 0.0028608 | D6: 0.0028608
A7: 41791 | B7: =AVERAGE(London!B7,Midland!B7,'East of England'!B7,'North of England'!B7,'South of England'!B7) -> 0.0028902 | D7: 0.0028902
A8: 41821 | B8: =AVERAGE(London!B8,Midland!B8,'East of England'!B8,'North of England'!B8,'South of England'!B8) -> 0.0028498 | D8: 0.0028498
A9: 41852 | B9: =AVERAGE(London!B9,Midland!B9,'East of England'!B9,'North of England'!B9,'South of England'!B9) -> 0.002592 | D9: 0.002592
A10: 41883 | B10: =AVERAGE(London!B10,Midland!B10,'East of England'!B10,'North of England'!B10,'South of England'!B10) -> 0.003078 | D10: 0.003078
A11: 41913 | B11: =AVERAGE(London!B11,Midland!B11,'East of England'!B11,'North of England'!B11,'South of England'!B11) -> 0.0033024 | D11: 0.0033024
A12: 41944 | B12: =AVERAGE(London!B12,Midland!B12,'East of England'!B12,'North of England'!B12,'South of England'!B12) -> 0.0045138 | D12: 0.0045138
A13: 41974 | B13: =AVERAGE(London!B13,Midland!B13,'East of England'!B13,'North of England'!B13,'South of England'!B13) -> 0.0028866 | D13: 0.0028866
... A121: 45261 | B121: =AVERAGE(London!B121,Midland!B121,'East of England'!B121,'North of England'!B121,'South of England'!B121) -> 0.0017784 | D121: 0.0017784
